{
  "frame01_size": [
    216,
    256,
    9
  ],
  "t1_size": [
    216,
    256,
    9
  ],
  "frame01_spacing": [
    1.3671875,
    1.3671875,
    10.0
  ],
  "t1_spacing": [
    1.3671875,
    1.3671875,
    10.0
  ],
  "frame01_origin": [
    0.0,
    0.0,
    0.0
  ],
  "t1_origin": [
    0.0,
    0.0,
    0.0
  ],
  "frame01_direction": [
    1.0,
    0.0,
    0.0,
    0.0,
    1.0,
    0.0,
    0.0,
    0.0,
    1.0
  ],
  "t1_direction": [
    1.0,
    0.0,
    0.0,
    0.0,
    1.0,
    0.0,
    0.0,
    0.0,
    1.0
  ],
  "same_grid": true
}
